{
  "duration": 15.658666,
  "width": 1920,
  "height": 1080,
  "time": 15.02154
}